<?xml version="1.0" encoding="UTF-8"?>
<project-private xmlns="http://www.netbeans.org/ns/project-private/1">
    <editor-bookmarks xmlns="http://www.netbeans.org/ns/editor-bookmarks/2" lastBookmarkId="0"/>
    <open-files xmlns="http://www.netbeans.org/ns/projectui-open-files/2">
        <group>
            <file>file:/C:/Users/Vikas/Documents/onlinedictionary/web/index.html</file>
            <file>file:/C:/Users/Vikas/Documents/onlinedictionary/src/java/cs472/onlinedictionary/dictServlet.java</file>
            <file>file:/C:/Users/Vikas/Documents/onlinedictionary/src/java/cs472/onlinedictionary/dbaccess/dbConnection.java</file>
            <file>file:/C:/Users/Vikas/Documents/onlinedictionary/web/dict.html</file>
            <file>file:/C:/Users/Vikas/Documents/onlinedictionary/web/style/dict.css</file>
            <file>file:/C:/Users/Vikas/Documents/onlinedictionary/web/script/dict.js</file>
        </group>
    </open-files>
</project-private>
